온도,비율,리프레시 횟수,경과 시간(minute),성장 비율(%)
19,1:01:01,10,0,0
19,1:01:01,10,50,7
19,1:01:01,10,100,19
19,1:01:01,10,150,35
19,1:01:01,10,200,54
19,1:01:01,10,250,76
19,1:01:01,10,300,100
19,1:02:02,12,0,0
19,1:02:02,12,55,7
19,1:02:02,12,110,19
19,1:02:02,12,165,35
19,1:02:02,12,220,54
19,1:02:02,12,275,76
19,1:02:02,12,330,100
19,1:02:02,12,0,0
19,1:02:02,12,60,7
19,1:02:02,12,120,19
19,1:02:02,12,180,35
19,1:02:02,12,240,54
19,1:02:02,12,300,76
19,1:02:02,12,360,100
19,1:01:01,10,0,0
19,1:01:01,10,60,7
19,1:01:01,10,120,19
19,1:01:01,10,180,35
19,1:01:01,10,240,54
19,1:01:01,10,300,76
19,1:01:01,10,360,100
19,1:10:10,14,0,0
19,1:10:10,14,103,7
19,1:10:10,14,206,19
19,1:10:10,14,310,35
19,1:10:10,14,413,54
19,1:10:10,14,516,76
19,1:10:10,14,620,100
19,1:05:05,12,0,0
19,1:05:05,12,80,7
19,1:05:05,12,160,19
19,1:05:05,12,240,35
19,1:05:05,12,320,54
19,1:05:05,12,400,76
19,1:05:05,12,480,100
19,1:05:05,12,0,0
19,1:05:05,12,90,7
19,1:05:05,12,180,19
19,1:05:05,12,270,35
19,1:05:05,12,360,54
19,1:05:05,12,450,76
19,1:05:05,12,540,100
19,1:10:10,14,0,0
19,1:10:10,14,110,7
19,1:10:10,14,220,19
19,1:10:10,14,330,35
19,1:10:10,14,440,54
19,1:10:10,14,550,76
19,1:10:10,14,660,100
19,1:01:01,10,0,0
19,1:01:01,10,60,7
19,1:01:01,10,120,19
19,1:01:01,10,180,35
19,1:01:01,10,240,54
19,1:01:01,10,300,76
19,1:01:01,10,360,100
19,1:02:02,12,0,0
19,1:02:02,12,60,7
19,1:02:02,12,120,19
19,1:02:02,12,180,35
19,1:02:02,12,240,54
19,1:02:02,12,300,76
19,1:02:02,12,360,100
19,1:05:05,12,0,0
19,1:05:05,12,85,7
19,1:05:05,12,170,19
19,1:05:05,12,255,35
19,1:05:05,12,340,54
19,1:05:05,12,425,76
19,1:05:05,12,510,100
19,1:10:10,14,0,0
19,1:10:10,14,115,7
19,1:10:10,14,230,19
19,1:10:10,14,345,35
19,1:10:10,14,460,54
19,1:10:10,14,575,76
19,1:10:10,14,690,100
20,1:01:01,7,0,0
20,1:01:01,7,75,7
20,1:01:01,7,150,19
20,1:01:01,7,225,35
20,1:01:01,7,300,54
20,1:01:01,7,375,76
20,1:01:01,7,450,100
20,1:10:10,14,0,0
20,1:10:10,14,80,7
20,1:10:10,14,160,19
20,1:10:10,14,240,35
20,1:10:10,14,320,54
20,1:10:10,14,400,76
20,1:10:10,14,480,100
20,1:01:01,6,0,0
20,1:01:01,6,90,7
20,1:01:01,6,180,19
20,1:01:01,6,270,35
20,1:01:01,6,360,54
20,1:01:01,6,450,76
20,1:01:01,6,540,100
20,1:02:02,7,0,0
20,1:02:02,7,90,7
20,1:02:02,7,180,19
20,1:02:02,7,270,35
20,1:02:02,7,360,54
20,1:02:02,7,450,76
20,1:02:02,7,540,100
20,1:01:01,5,0,0
20,1:01:01,5,120,7
20,1:01:01,5,240,19
20,1:01:01,5,360,35
20,1:01:01,5,480,54
20,1:01:01,5,600,76
20,1:01:01,5,720,100
21,1:01:01,13,0,0
21,1:01:01,13,45,7
21,1:01:01,13,90,19
21,1:01:01,13,135,35
21,1:01:01,13,180,54
21,1:01:01,13,225,76
21,1:01:01,13,270,100
21,1:05:05,6,0,0
21,1:05:05,6,110,7
21,1:05:05,6,220,19
21,1:05:05,6,330,35
21,1:05:05,6,440,54
21,1:05:05,6,550,76
21,1:05:05,6,660,100
21,1:05:05,5,0,0
21,1:05:05,5,118,7
21,1:05:05,5,236,19
21,1:05:05,5,355,35
21,1:05:05,5,473,54
21,1:05:05,5,591,76
21,1:05:05,5,710,100
21,1:05:05,12,0,0
21,1:05:05,12,70,7
21,1:05:05,12,140,19
21,1:05:05,12,210,35
21,1:05:05,12,280,54
21,1:05:05,12,350,76
21,1:05:05,12,420,100
21,1:01:01,8,0,0
21,1:01:01,8,80,7
21,1:01:01,8,160,19
21,1:01:01,8,240,35
21,1:01:01,8,320,54
21,1:01:01,8,400,76
21,1:01:01,8,480,100
21,1:05:05,11,0,0
21,1:05:05,11,80,7
21,1:05:05,11,160,19
21,1:05:05,11,240,35
21,1:05:05,11,320,54
21,1:05:05,11,400,76
21,1:05:05,11,480,100
21,1:01:01,5,0,0
21,1:01:01,5,120,7
21,1:01:01,5,240,19
21,1:01:01,5,360,35
21,1:01:01,5,480,54
21,1:01:01,5,600,76
21,1:01:01,5,720,100
21,1:02:02,9,0,0
21,1:02:02,9,140,7
21,1:02:02,9,280,19
21,1:02:02,9,420,35
21,1:02:02,9,560,54
21,1:02:02,9,700,76
21,1:02:02,9,840,100
22,1:01:01,1,0,0
22,1:01:01,1,240,7
22,1:01:01,1,480,19
22,1:01:01,1,720,35
22,1:01:01,1,960,54
22,1:01:01,1,1200,76
22,1:01:01,1,1440,100
22,1:05:05,12,0,0
22,1:05:05,12,120,7
22,1:05:05,12,240,19
22,1:05:05,12,360,35
22,1:05:05,12,480,54
22,1:05:05,12,600,76
22,1:05:05,12,720,100
22,1:01:01,11,0,0
22,1:01:01,11,46,7
22,1:01:01,11,93,19
22,1:01:01,11,140,35
22,1:01:01,11,186,54
22,1:01:01,11,233,76
22,1:01:01,11,280,100
22,1:10:10,8,0,0
22,1:10:10,8,110,7
22,1:10:10,8,220,19
22,1:10:10,8,330,35
22,1:10:10,8,440,54
22,1:10:10,8,550,76
22,1:10:10,8,660,100
22,1:05:05,4,0,0
22,1:05:05,4,120,7
22,1:05:05,4,240,19
22,1:05:05,4,360,35
22,1:05:05,4,480,54
22,1:05:05,4,600,76
22,1:05:05,4,720,100
22,1:05:05,5,0,0
22,1:05:05,5,116,7
22,1:05:05,5,233,19
22,1:05:05,5,350,35
22,1:05:05,5,466,54
22,1:05:05,5,583,76
22,1:05:05,5,700,100
23,1:01:01,2,0,0
23,1:01:01,2,120,7
23,1:01:01,2,240,19
23,1:01:01,2,360,35
23,1:01:01,2,480,54
23,1:01:01,2,600,76
23,1:01:01,2,720,100
23,1:02:02,1,0,0
23,1:02:02,1,280,7
23,1:02:02,1,560,19
23,1:02:02,1,840,35
23,1:02:02,1,1120,54
23,1:02:02,1,1400,76
23,1:02:02,1,1680,100
23,1:02:02,3,0,0
23,1:02:02,3,120,7
23,1:02:02,3,240,19
23,1:02:02,3,360,35
23,1:02:02,3,480,54
23,1:02:02,3,600,76
23,1:02:02,3,720,100
23,1:01:01,14,0,0
23,1:01:01,14,60,7
23,1:01:01,14,120,19
23,1:01:01,14,180,35
23,1:01:01,14,240,54
23,1:01:01,14,300,76
23,1:01:01,14,361,100
23,1:02:02,13,0,0
23,1:02:02,13,61,7
23,1:02:02,13,123,19
23,1:02:02,13,185,35
23,1:02:02,13,246,54
23,1:02:02,13,308,76
23,1:02:02,13,370,100
23,1:02:02,14,0,0
23,1:02:02,14,60,7
23,1:02:02,14,120,19
23,1:02:02,14,180,35
23,1:02:02,14,240,54
23,1:02:02,14,300,76
23,1:02:02,14,360,100
23,1:05:05,14,0,0
23,1:05:05,14,100,7
23,1:05:05,14,200,19
23,1:05:05,14,300,35
23,1:05:05,14,400,54
23,1:05:05,14,500,76
23,1:05:05,14,600,100
23,1:01:01,1,0,0
23,1:01:01,1,240,7
23,1:01:01,1,480,19
23,1:01:01,1,720,35
23,1:01:01,1,960,54
23,1:01:01,1,1200,76
23,1:01:01,1,1440,100
24,1:01:01,3,0,0
24,1:01:01,3,110,15
24,1:01:01,3,176,39
24,1:01:01,3,230,64
24,1:01:01,3,260,79
24,1:01:01,3,290,93
24,1:01:01,3,305,100
24,1:01:01,10,0,0
24,1:01:01,10,37,4
24,1:01:01,10,67,7
24,1:01:01,10,107,19
24,1:01:01,10,147,41
24,1:01:01,10,187,63
24,1:01:01,10,217,78
24,1:01:01,10,247,96
24,1:01:01,10,277,115
24,1:02:02,10,0,0
24,1:02:02,10,37,2
24,1:02:02,10,67,4
24,1:02:02,10,107,7
24,1:02:02,10,147,17
24,1:02:02,10,187,31
24,1:02:02,10,217,41
24,1:02:02,10,247,54
24,1:02:02,10,277,67
24,1:02:02,10,307,85
24,1:02:02,10,347,104
24,1:01:01,11,0,0
24,1:01:01,11,170,26
24,1:01:01,11,200,43
24,1:01:01,11,230,55
24,1:01:01,11,270,78
24,1:01:01,11,350,110
24,1:02:02,11,0,0
24,1:02:02,11,170,7
24,1:02:02,11,200,17
24,1:02:02,11,230,43
24,1:02:02,11,270,41
24,1:02:02,11,350,76
24,1:02:02,11,390,91
24,1:02:02,11,430,104
24,1:01:01,12,0,0
24,1:01:01,12,90,10
24,1:01:01,12,130,26
24,1:01:01,12,160,40
24,1:01:01,12,190,55
24,1:01:01,12,220,69
24,1:01:01,12,240,83
24,1:01:01,12,260,90
24,1:01:01,12,270,97
24,1:01:01,12,280,100
24,1:02:02,12,0,0
24,1:02:02,12,30,2
24,1:02:02,12,120,9
24,1:02:02,12,160,20
24,1:02:02,12,190,29
24,1:02:02,12,220,41
24,1:02:02,12,250,54
24,1:02:02,12,270,61
24,1:02:02,12,290,71
24,1:02:02,12,300,75
24,1:02:02,12,310,79
24,1:02:02,12,320,82
24,1:02:02,12,330,86
24,1:02:02,12,350,93
24,1:02:02,12,370,100
24,1:01:01,2,0,0
24,1:01:01,2,160,22
24,1:01:01,2,240,56
24,1:01:01,2,290,78
24,1:01:01,2,310,91
24,1:01:01,2,370,122
24,1:02:02,2,0,0
24,1:02:02,2,140,9
24,1:02:02,2,220,30
24,1:02:02,2,270,50
24,1:02:02,2,290,57
24,1:02:02,2,350,89
24,1:02:02,2,380,96
24,1:02:02,2,405,107
24,1:05:05,2,0,0
24,1:05:05,2,120,5
24,1:05:05,2,200,13
24,1:05:05,2,250,21
24,1:05:05,2,330,46
24,1:05:05,2,360,54
24,1:05:05,2,520,96
24,1:05:05,2,530,100
24,1:01:01,4,0,0
24,1:01:01,4,180,43
24,1:01:01,4,220,61
24,1:01:01,4,260,82
24,1:01:01,4,300,100
24,1:01:01,5,0,0
24,1:01:01,5,100,4
24,1:01:01,5,140,11
24,1:01:01,5,170,21
24,1:01:01,5,200,36
24,1:01:01,5,260,50
24,1:01:01,5,290,82
24,1:01:01,5,320,98
24,1:01:01,5,350,111
24,1:05:05,5,0,0
24,1:05:05,5,50,4
24,1:05:05,5,90,7
24,1:05:05,5,120,7
24,1:05:05,5,150,11
24,1:05:05,5,210,23
24,1:05:05,5,240,32
24,1:05:05,5,270,39
24,1:05:05,5,300,48
24,1:05:05,5,360,68
24,1:05:05,5,390,79
24,1:05:05,5,420,84
24,1:05:05,5,450,96
24,1:05:05,5,485,100
24,1:01:01,12,0,0
24,1:01:01,12,46,7
24,1:01:01,12,93,19
24,1:01:01,12,140,35
24,1:01:01,12,186,54
24,1:01:01,12,233,76
24,1:01:01,12,280,100
24,1:01:01,12,0,0
24,1:01:01,12,40,7
24,1:01:01,12,80,19
24,1:01:01,12,120,35
24,1:01:01,12,160,54
24,1:01:01,12,200,76
24,1:01:01,12,240,100
24,1:02:02,11,0,0
24,1:02:02,11,55,7
24,1:02:02,11,110,19
24,1:02:02,11,165,35
24,1:02:02,11,220,54
24,1:02:02,11,275,76
24,1:02:02,11,330,100
24,1:02:02,7,0,0
24,1:02:02,7,90,7
24,1:02:02,7,180,19
24,1:02:02,7,270,35
24,1:02:02,7,360,54
24,1:02:02,7,450,76
24,1:02:02,7,540,100
24,1:05:05,8,0,0
24,1:05:05,8,100,7
24,1:05:05,8,200,19
24,1:05:05,8,300,35
24,1:05:05,8,400,54
24,1:05:05,8,500,76
24,1:05:05,8,600,100
24,1:01:01,2,0,0
24,1:01:01,2,100,7
24,1:01:01,2,200,19
24,1:01:01,2,300,35
24,1:01:01,2,400,54
24,1:01:01,2,500,76
24,1:01:01,2,600,100
24,1:01:01,2,0,0
24,1:01:01,2,120,7
24,1:01:01,2,240,19
24,1:01:01,2,360,35
24,1:01:01,2,480,54
24,1:01:01,2,600,76
24,1:01:01,2,720,100
24,1:02:02,4,0,0
24,1:02:02,4,120,7
24,1:02:02,4,240,19
24,1:02:02,4,360,35
24,1:02:02,4,480,54
24,1:02:02,4,600,76
24,1:02:02,4,720,100
24,1:05:05,6,0,0
24,1:05:05,6,120,7
24,1:05:05,6,240,19
24,1:05:05,6,360,35
24,1:05:05,6,480,54
24,1:05:05,6,600,76
24,1:05:05,6,720,100
24,1:05:05,6,0,0
24,1:05:05,6,125,7
24,1:05:05,6,250,19
24,1:05:05,6,375,35
24,1:05:05,6,500,54
24,1:05:05,6,625,76
24,1:05:05,6,750,100
24,1:05:05,9,0,0
24,1:05:05,9,91,7
24,1:05:05,9,183,19
24,1:05:05,9,275,35
24,1:05:05,9,366,54
24,1:05:05,9,458,76
24,1:05:05,9,550,100
25,1:01:01,1,0,0
25,1:01:01,1,120,0
25,1:01:01,1,180,0
25,1:01:01,1,240,0
25,1:01:01,1,870,10
25,1:01:01,1,930,20
25,1:01:01,1,1020,80
25,1:01:01,1,1080,95
25,1:01:01,1,1430,100
25,1:01:01,2,0,0
25,1:01:01,2,160,68
25,1:01:01,2,220,80
25,1:01:01,2,280,111
25,1:01:01,3,600,100
25,1:01:01,4,0,0
25,1:01:01,4,50,0
25,1:01:01,4,110,90
25,1:01:01,4,170,110
25,1:01:01,4,230,200
25,1:02:02,5,0,0
25,1:02:02,5,150,40
25,1:02:02,5,250,100
25,1:02:02,6,0,0
25,1:02:02,6,40,12
25,1:02:02,6,100,15
25,1:02:02,6,160,44
25,1:02:02,6,220,107
25,1:02:02,7,640,100
25,1:02:02,8,0,0
25,1:02:02,8,60,0
25,1:02:02,8,120,0
25,1:02:02,8,180,10
25,1:02:02,8,240,45
25,1:02:02,8,300,150
25,1:05:05,5,0,0
25,1:05:05,5,150,5
25,1:05:05,5,250,43
25,1:05:05,5,310,71
25,1:05:05,5,370,100
25,1:05:05,6,0,0
25,1:05:05,6,40,0
25,1:05:05,6,100,0
25,1:05:05,6,750,100
25,1:05:05,7,0,0
25,1:05:05,7,60,0
25,1:05:05,7,120,0
25,1:05:05,7,180,7
25,1:05:05,7,240,30
25,1:05:05,7,300,100
25,1:10:10,5,0,0
25,1:10:10,5,150,5
25,1:10:10,5,250,52
25,1:10:10,5,310,85
25,1:10:10,5,370,121
25,1:10:10,6,0,0
25,1:10:10,6,40,5
25,1:10:10,6,100,10
25,1:10:10,6,750,100
25,1:10:10,7,0,0
25,1:10:10,7,60,0
25,1:10:10,7,120,0
25,1:10:10,7,180,0
25,1:10:10,7,240,0
25,1:10:10,7,300,0
25,1:10:10,7,355,50
25,1:10:10,7,415,50
25,1:10:10,7,535,118
25,1:01:01,4,0,0
25,1:01:01,4,25,7
25,1:01:01,4,50,19
25,1:01:01,4,75,35
25,1:01:01,4,100,54
25,1:01:01,4,125,76
25,1:01:01,4,150,100
25,1:01:01,3,0,0
25,1:01:01,3,30,7
25,1:01:01,3,60,19
25,1:01:01,3,90,35
25,1:01:01,3,120,54
25,1:01:01,3,150,76
25,1:01:01,3,180,100
25,1:02:02,7,0,0
25,1:02:02,7,35,7
25,1:02:02,7,70,19
25,1:02:02,7,105,35
25,1:02:02,7,140,54
25,1:02:02,7,175,76
25,1:02:02,7,210,100
25,1:02:02,7,0,0
25,1:02:02,7,35,7
25,1:02:02,7,70,19
25,1:02:02,7,105,35
25,1:02:02,7,140,54
25,1:02:02,7,175,76
25,1:02:02,7,210,100
25,1:01:01,3,0,0
25,1:01:01,3,40,7
25,1:01:01,3,80,19
25,1:01:01,3,120,35
25,1:01:01,3,160,54
25,1:01:01,3,200,76
25,1:01:01,3,240,100
25,1:02:02,5,0,0
25,1:02:02,5,40,7
25,1:02:02,5,80,19
25,1:02:02,5,120,35
25,1:02:02,5,160,54
25,1:02:02,5,200,76
25,1:02:02,5,240,100
25,1:01:01,2,0,0
25,1:01:01,2,50,7
25,1:01:01,2,100,19
25,1:01:01,2,150,35
25,1:01:01,2,200,54
25,1:01:01,2,250,76
25,1:01:01,2,300,100
25,1:02:02,3,0,0
25,1:02:02,3,50,7
25,1:02:02,3,100,19
25,1:02:02,3,150,35
25,1:02:02,3,200,54
25,1:02:02,3,250,76
25,1:02:02,3,300,100
25,1:05:05,7,0,0
25,1:05:05,7,50,7
25,1:05:05,7,100,19
25,1:05:05,7,150,35
25,1:05:05,7,200,54
25,1:05:05,7,250,76
25,1:05:05,7,300,100
25,1:05:05,6,0,0
25,1:05:05,6,55,7
25,1:05:05,6,110,19
25,1:05:05,6,165,35
25,1:05:05,6,220,54
25,1:05:05,6,275,76
25,1:05:05,6,330,100
25,1:01:01,2,0,0
25,1:01:01,2,60,7
25,1:01:01,2,120,19
25,1:01:01,2,180,35
25,1:01:01,2,240,54
25,1:01:01,2,300,76
25,1:01:01,2,360,100
25,1:02:02,3,0,0
25,1:02:02,3,60,7
25,1:02:02,3,120,19
25,1:02:02,3,180,35
25,1:02:02,3,240,54
25,1:02:02,3,300,76
25,1:02:02,3,360,100
25,1:05:05,4,0,0
25,1:05:05,4,60,7
25,1:05:05,4,120,19
25,1:05:05,4,180,35
25,1:05:05,4,240,54
25,1:05:05,4,300,76
25,1:05:05,4,360,100
25,1:05:05,5,0,0
25,1:05:05,5,65,7
25,1:05:05,5,130,19
25,1:05:05,5,195,35
25,1:05:05,5,260,54
25,1:05:05,5,325,76
25,1:05:05,5,390,100
25,1:10:10,7,0,0
25,1:10:10,7,65,7
25,1:10:10,7,130,19
25,1:10:10,7,195,35
25,1:10:10,7,260,54
25,1:10:10,7,325,76
25,1:10:10,7,390,100
25,1:02:02,2,0,0
25,1:02:02,2,70,7
25,1:02:02,2,140,19
25,1:02:02,2,210,35
25,1:02:02,2,280,54
25,1:02:02,2,350,76
25,1:02:02,2,420,100
25,1:10:10,2,0,0
25,1:10:10,2,70,7
25,1:10:10,2,140,19
25,1:10:10,2,210,35
25,1:10:10,2,280,54
25,1:10:10,2,350,76
25,1:10:10,2,420,100
25,1:10:10,6,0,0
25,1:10:10,6,70,7
25,1:10:10,6,140,19
25,1:10:10,6,210,35
25,1:10:10,6,280,54
25,1:10:10,6,350,76
25,1:10:10,6,420,100
25,1:05:05,3,0,0
25,1:05:05,3,80,7
25,1:05:05,3,160,19
25,1:05:05,3,240,35
25,1:05:05,3,320,54
25,1:05:05,3,400,76
25,1:05:05,3,480,100
25,1:05:05,2,0,0
25,1:05:05,2,90,7
25,1:05:05,2,180,19
25,1:05:05,2,270,35
25,1:05:05,2,360,54
25,1:05:05,2,450,76
25,1:05:05,2,540,100
25,1:10:10,4,0,0
25,1:10:10,4,100,7
25,1:10:10,4,200,19
25,1:10:10,4,300,35
25,1:10:10,4,400,54
25,1:10:10,4,500,76
25,1:10:10,4,600,100
25,1:10:10,3,0,0
25,1:10:10,3,130,7
25,1:10:10,3,260,19
25,1:10:10,3,390,35
25,1:10:10,3,520,54
25,1:10:10,3,650,76
25,1:10:10,3,780,100
26,1:01:01,3,0,0
26,1:01:01,3,110,26
26,1:01:01,3,176,67
26,1:01:01,3,230,100
26,1:01:01,9,0,0
26,1:01:01,9,30,2
26,1:01:01,9,90,11
26,1:01:01,9,140,36
26,1:01:01,9,170,57
26,1:01:01,9,200,71
26,1:01:01,9,230,95
26,1:01:01,9,260,113
26,1:02:02,9,0,0
26,1:02:02,9,30,4
26,1:02:02,9,90,11
26,1:02:02,9,140,22
26,1:02:02,9,170,37
26,1:02:02,9,200,50
26,1:02:02,9,230,69
26,1:02:02,9,260,83
26,1:02:02,9,290,104
26,1:01:01,11,0,0
26,1:01:01,11,140,21
26,1:01:01,11,170,39
26,1:01:01,11,200,68
26,1:01:01,11,240,82
26,1:01:01,11,320,118
26,1:02:02,11,0,0
26,1:02:02,11,140,11
26,1:02:02,11,170,21
26,1:02:02,11,200,25
26,1:02:02,11,240,54
26,1:02:02,11,320,96
26,1:02:02,11,360,114
26,1:01:01,12,0,0
26,1:01:01,12,90,14
26,1:01:01,12,130,31
26,1:01:01,12,160,45
26,1:01:01,12,190,62
26,1:01:01,12,220,83
26,1:01:01,12,240,93
26,1:01:01,12,260,100
26,1:02:02,12,0,0
26,1:02:02,12,30,2
26,1:02:02,12,120,7
26,1:02:02,12,160,13
26,1:02:02,12,190,21
26,1:02:02,12,220,30
26,1:02:02,12,250,57
26,1:02:02,12,270,64
26,1:02:02,12,290,71
26,1:02:02,12,300,79
26,1:02:02,12,310,80
26,1:02:02,12,320,82
26,1:02:02,12,330,86
26,1:02:02,12,350,91
26,1:02:02,12,370,96
26,1:02:02,12,390,100
26,1:01:01,1,0,0
26,1:01:01,1,120,19
26,1:01:01,1,180,46
26,1:01:01,1,210,61
26,1:01:01,1,240,75
26,1:01:01,1,280,93
26,1:01:01,1,300,100
26,1:01:01,2,0,0
26,1:01:01,2,160,36
26,1:01:01,2,240,82
26,1:01:01,2,290,107
26,1:02:02,2,0,0
26,1:02:02,2,140,11
26,1:02:02,2,220,33
26,1:02:02,2,270,56
26,1:02:02,2,290,67
26,1:02:02,2,350,96
26,1:02:02,2,380,107
26,1:05:05,2,0,0
26,1:05:05,2,120,2
26,1:05:05,2,200,11
26,1:05:05,2,250,23
26,1:05:05,2,330,54
26,1:05:05,2,360,64
26,1:05:05,2,520,100
26,1:01:01,4,0,0
26,1:01:01,4,180,66
26,1:01:01,4,220,89
26,1:01:01,4,240,104
26,1:05:05,4,0,0
26,1:05:05,4,130,4
26,1:05:05,4,210,16
26,1:05:05,4,300,45
26,1:05:05,4,480,107
26,1:01:01,5,0,0
26,1:01:01,5,100,9
26,1:01:01,5,140,21
26,1:01:01,5,170,21
26,1:01:01,5,200,54
26,1:01:01,5,260,93
26,1:01:01,5,290,107
26,1:02:02,5,0,0
26,1:02:02,5,85,5
26,1:02:02,5,125,14
26,1:02:02,5,155,25
26,1:02:02,5,185,36
26,1:02:02,5,245,68
26,1:02:02,5,275,79
26,1:02:02,5,305,95
26,1:02:02,5,335,102
26,1:05:05,5,0,0
26,1:05:05,5,50,4
26,1:05:05,5,90,4
26,1:05:05,5,120,7
26,1:05:05,5,150,11
26,1:05:05,5,210,21
26,1:05:05,5,240,30
26,1:05:05,5,270,39
26,1:05:05,5,300,50
26,1:05:05,5,360,68
26,1:05:05,5,390,75
26,1:05:05,5,420,86
26,1:05:05,5,450,86
26,1:05:05,5,485,93
26,1:05:05,5,510,102
26,1:02:02,6,0,0
26,1:02:02,6,85,7
26,1:02:02,6,115,13
26,1:02:02,6,145,20
26,1:02:02,6,175,7
26,1:02:02,6,205,36
26,1:02:02,6,265,61
26,1:02:02,6,295,66
26,1:02:02,6,345,93
26,1:02:02,6,375,107
26,1:02:02,8,0,0
26,1:02:02,8,71,7
26,1:02:02,8,143,19
26,1:02:02,8,215,35
26,1:02:02,8,286,54
26,1:02:02,8,358,76
26,1:02:02,8,430,100
26,1:01:01,14,0,0
26,1:01:01,14,35,7
26,1:01:01,14,70,19
26,1:01:01,14,105,35
26,1:01:01,14,140,54
26,1:01:01,14,175,76
26,1:01:01,14,210,100
26,1:01:01,9,0,0
26,1:01:01,9,50,7
26,1:01:01,9,100,19
26,1:01:01,9,150,35
26,1:01:01,9,200,54
26,1:01:01,9,250,76
26,1:01:01,9,300,100
26,1:05:05,12,0,0
26,1:05:05,12,78,7
26,1:05:05,12,156,19
26,1:05:05,12,235,35
26,1:05:05,12,313,54
26,1:05:05,12,391,76
26,1:05:05,12,470,100
26,1:01:01,4,0,0
26,1:01:01,4,70,7
26,1:01:01,4,140,19
26,1:01:01,4,210,35
26,1:01:01,4,280,54
26,1:01:01,4,350,76
26,1:01:01,4,420,100
26,1:10:10,8,0,0
26,1:10:10,8,110,7
26,1:10:10,8,220,19
26,1:10:10,8,330,35
26,1:10:10,8,440,54
26,1:10:10,8,550,76
26,1:10:10,8,660,100
26,1:02:02,3,0,0
26,1:02:02,3,120,7
26,1:02:02,3,240,19
26,1:02:02,3,360,35
26,1:02:02,3,480,54
26,1:02:02,3,600,76
26,1:02:02,3,720,100
26,1:02:02,9,0,0
26,1:02:02,9,70,7
26,1:02:02,9,140,19
26,1:02:02,9,210,35
26,1:02:02,9,280,54
26,1:02:02,9,350,76
26,1:02:02,9,420,100
26,1:02:02,11,0,0
26,1:02:02,11,66,7
26,1:02:02,11,133,19
26,1:02:02,11,200,35
26,1:02:02,11,266,54
26,1:02:02,11,333,76
26,1:02:02,11,400,100
27,1:02:02,12,0,0
27,1:02:02,12,50,7
27,1:02:02,12,100,19
27,1:02:02,12,150,35
27,1:02:02,12,200,54
27,1:02:02,12,250,76
27,1:02:02,12,300,100
27,1:05:05,5,0,0
27,1:05:05,5,120,7
27,1:05:05,5,240,19
27,1:05:05,5,360,35
27,1:05:05,5,480,54
27,1:05:05,5,600,76
27,1:05:05,5,720,100
27,1:01:01,4,0,0
27,1:01:01,4,40,7
27,1:01:01,4,80,19
27,1:01:01,4,120,35
27,1:01:01,4,160,54
27,1:01:01,4,200,76
27,1:01:01,4,240,100
28,1:02:02,1,0,0
28,1:02:02,1,120,0
28,1:02:02,1,180,0
28,1:02:02,1,240,7
28,1:02:02,1,870,10
28,1:02:02,1,930,30
28,1:02:02,1,1020,95
28,1:02:02,1,1080,100
28,1:02:02,2,335,100
28,1:02:02,3,0,0
28,1:02:02,3,170,83
28,1:02:02,3,230,100
28,1:02:02,5,0,0
28,1:02:02,5,40,0
28,1:02:02,5,100,30
28,1:02:02,5,160,100
28,1:05:05,6,0,0
28,1:05:05,6,150,10
28,1:05:05,6,250,84
28,1:05:05,6,310,120
28,1:05:05,7,0,0
28,1:05:05,7,40,0
28,1:05:05,7,100,12
28,1:05:05,7,160,24
28,1:05:05,7,810,100
28,1:05:05,8,0,0
28,1:05:05,8,60,10
28,1:05:05,8,120,20
28,1:05:05,8,180,50
28,1:05:05,8,240,70
28,1:05:05,8,300,150
28,1:10:10,6,0,0
28,1:10:10,6,150,5
28,1:10:10,6,250,75
28,1:10:10,6,310,100
28,1:10:10,8,0,0
28,1:10:10,8,60,5
28,1:10:10,8,120,10
28,1:10:10,8,180,50
28,1:10:10,8,240,90
28,1:10:10,8,300,150
28,1:02:02,2,0,0
28,1:02:02,2,120,15
28,1:02:02,2,180,39
28,1:02:02,2,210,57
28,1:02:02,2,240,72
28,1:02:02,2,280,93
28,1:02:02,2,300,104
28,1:01:01,2,0,0
28,1:01:01,2,160,40
28,1:01:01,2,240,96
28,1:01:01,2,290,121
28,1:02:02,2,0,0
28,1:02:02,2,140,15
28,1:02:02,2,220,54
28,1:02:02,2,270,73
28,1:02:02,2,290,85
28,1:02:02,2,350,100
28,1:05:05,2,0,0
28,1:05:05,2,120,3
28,1:05:05,2,200,28
28,1:05:05,2,250,48
28,1:05:05,2,270,62
28,1:05:05,2,330,76
28,1:05:05,2,380,100
28,1:01:01,4,0,0
28,1:01:01,4,180,79
28,1:01:01,4,220,96
28,1:01:01,4,230,100
28,1:02:02,4,0,0
28,1:02:02,4,170,30
28,1:02:02,4,250,70
28,1:02:02,4,340,102
28,1:01:01,5,0,0
28,1:01:01,5,100,4
28,1:01:01,5,140,21
28,1:01:01,5,170,46
28,1:01:01,5,200,71
28,1:01:01,5,260,121
28,1:02:02,5,0,0
28,1:02:02,5,85,5
28,1:02:02,5,125,21
28,1:02:02,5,155,21
28,1:02:02,5,185,54
28,1:02:02,5,245,89
28,1:02:02,5,275,104
28,1:05:05,5,0,0
28,1:05:05,5,50,4
28,1:05:05,5,90,7
28,1:05:05,5,120,14
28,1:05:05,5,150,25
28,1:05:05,5,210,46
28,1:05:05,5,240,61
28,1:05:05,5,270,73
28,1:05:05,5,300,86
28,1:05:05,5,360,105
28,1:02:02,6,0,0
28,1:02:02,6,85,5
28,1:02:02,6,115,11
28,1:02:02,6,145,21
28,1:02:02,6,175,32
28,1:02:02,6,205,46
28,1:02:02,6,265,82
28,1:02:02,6,295,91
28,1:02:02,6,345,114
28,1:05:05,6,0,0
28,1:05:05,6,100,4
28,1:05:05,6,130,7
28,1:05:05,6,160,14
28,1:05:05,6,190,21
28,1:05:05,6,220,36
28,1:05:05,6,280,68
28,1:05:05,6,310,82
28,1:05:05,6,360,111
28,1:02:02,2,0,0
28,1:02:02,2,55,7
28,1:02:02,2,110,19
28,1:02:02,2,165,35
28,1:02:02,2,220,54
28,1:02:02,2,275,76
28,1:02:02,2,330,100
